{
    "loss": 23.12919807434082,
    "accuracy": 0.5686274766921997
}