{
    "loss": 19.93219757080078,
    "accuracy": 0.5686274766921997
}