{
    "loss": 24.114429473876953,
    "accuracy": 0.4313725531101227
}